{
  "users": [
    {
      "refAccountHolderAddr": "Napier Town",
      "refAccountHolderAccNo": "9135567890123456",
      "refAccountHolderName": "Arun",
      "identificationProofType": "PAN",
      "docNumber": "123456789122",
      "branchName": "Sadar",
      "accountType": "Saving",
      "initialAmount": 6000,
      "dob": "1999-12-29",
      "RegistrationDate": "Wed Oct 06 2021",
      "ContactNumber": "9753357999",
      "MaritalStatus": "Single",
      "Gender": "Male",
      "Email": "yashgupta93001@gmail.com",
      "Citizienship": "Permanent",
      "Address": "507 Napier Town",
      "Guardian_Name": "Sumita",
      "Guardian_Type": "Parent",
      "Password": "Yash@123",
      "Username": "y123",
      "FullName": "YASH",
      "Age": 22,
      "CitizenStatus": "Normal",
      "Country": "Hungary",
      "State": "Kaposvár",
      "CustomerId": "R-101",
      "AccountNumber": "1234567890123456",
      "loanApplied": [
        {
          "loanType": "Personal",
          "expCurrentCompany": 6,
          "totalExp": 5,
          "designation": "4",
          "companyName": "3",
          "annualIncome": 7,
          "rationCardNo": "",
          "fatherExpCurrent": "",
          "fatherTotalExp": "",
          "fatherOccupation": "",
          "fatherName": "",
          "course": "",
          "courseFee": "",
          "durationOfLoan": "10",
          "loanApplyDate": "2021-10-08T18:30:00.000Z",
          "loanAmount": 12,
          "select": "10",
          "InterestRate": 10
        },
        {
          "loanType": "Housing",
          "expCurrentCompany": 7,
          "totalExp": 7,
          "designation": "7",
          "companyName": "77",
          "annualIncome": 7,
          "durationOfLoan": "10",
          "loanApplyDate": "2021-10-08T18:30:00.000Z",
          "loanAmount": 7,
          "select": "10",
          "InterestRate": 7
        },
        {
          "loanType": "Education",
          "expCurrentCompany": "",
          "totalExp": "",
          "designation": "",
          "companyName": "",
          "annualIncome": 2,
          "rationCardNo": 324,
          "fatherExpCurrent": 6,
          "fatherTotalExp": 4,
          "fatherOccupation": "sdf",
          "fatherName": "er",
          "course": "6",
          "courseFee": 5,
          "durationOfLoan": "15",
          "loanApplyDate": "2021-10-08T18:30:00.000Z",
          "loanAmount": 3,
          "select": "15",
          "InterestRate": 5
        },
        {
          "loanType": "Personal",
          "expCurrentCompany": 65,
          "totalExp": 5656,
          "designation": "yrt",
          "companyName": "5656",
          "annualIncome": 34,
          "rationCardNo": "",
          "fatherExpCurrent": "",
          "fatherTotalExp": "",
          "fatherOccupation": "",
          "fatherName": "",
          "course": "",
          "courseFee": "",
          "durationOfLoan": "20",
          "loanApplyDate": "2021-10-15T18:30:00.000Z",
          "loanAmount": 565656,
          "select": "20",
          "InterestRate": 10
        },
        {
          "loanType": "Education",
          "annualIncome": 7,
          "rationCardNo": 6,
          "fatherExpCurrent": 3,
          "fatherTotalExp": 3,
          "fatherOccupation": "43",
          "fatherName": "fs",
          "course": "5",
          "courseFee": 432,
          "durationOfLoan": "15",
          "loanApplyDate": "2021-10-08T18:30:00.000Z",
          "loanAmount": 324,
          "select": "15",
          "InterestRate": 5
        },
        {
          "loanType": "Personal",
          "expCurrentCompany": 3,
          "totalExp": 2,
          "designation": "e",
          "companyName": "23",
          "annualIncome": 4,
          "durationOfLoan": "5",
          "loanApplyDate": "2021-10-22T18:30:00.000Z",
          "loanAmount": 2,
          "select": "5",
          "InterestRate": 10,
          "LoanIssueDate": ""
        },
        {
          "loanType": "Housing",
          "expCurrentCompany": 7,
          "totalExp": 6,
          "designation": "5",
          "companyName": "4",
          "annualIncome": 8,
          "rationCardNo": "",
          "fatherExpCurrent": "",
          "fatherTotalExp": "",
          "fatherOccupation": "",
          "fatherName": "",
          "course": "",
          "courseFee": "",
          "durationOfLoan": "10",
          "loanApplyDate": "2021-10-22T18:30:00.000Z",
          "loanAmount": 3,
          "select": "10",
          "InterestRate": 7,
          "LoanIssueDate": ""
        },
        {
          "loanType": "Education",
          "annualIncome": 6,
          "rationCardNo": 5,
          "fatherExpCurrent": 4,
          "fatherTotalExp": 3,
          "fatherOccupation": "2",
          "fatherName": "d",
          "course": "r",
          "courseFee": 24,
          "durationOfLoan": "5",
          "loanApplyDate": "2021-10-29T18:30:00.000Z",
          "loanAmount": 2,
          "select": "5",
          "InterestRate": 5,
          "LoanIssueDate": ""
        },
        {
          "loanType": "Housing",
          "expCurrentCompany": 11,
          "totalExp": 11,
          "designation": "11",
          "companyName": "11",
          "annualIncome": 11,
          "durationOfLoan": "5",
          "loanApplyDate": "2021-10-20T18:30:00.000Z",
          "loanAmount": 111111,
          "select": "5",
          "InterestRate": 7,
          "LoanIssueDate": ""
        }
      ],
      "id": 1
    },
    {
      "refAccountHolderAddr": "wer",
      "refAccountHolderAccNo": "1233213132132321",
      "refAccountHolderName": "ttt",
      "identificationProofType": "PAN",
      "docNumber": "12asqwe12342",
      "branchName": "ICICI",
      "accountType": "Salary",
      "initialAmount": 10,
      "dob": "1998-06-06",
      "RegistrationDate": "2021-10-08",
      "ContactNumber": "9753357999",
      "MaritalStatus": "Single",
      "Gender": "Male",
      "Email": "tusharnema16@gmail.com",
      "Citizienship": "Permanent",
      "Address": "Napier Town",
      "Guardian_Name": "Arun",
      "Guardian_Type": "Parent",
      "Password": "Yash@123",
      "Username": "yash93001",
      "FullName": "NAMIT G",
      "Age": 23,
      "CitizenStatus": "Normal",
      "Country": "India",
      "State": "Madhya Pradesh",
      "CustomerId": "R-102",
      "AccountNumber": 5668022734281529,
      "loanApplied": [
        {
          "loanType": "Personal",
          "expCurrentCompany": 3,
          "totalExp": 2,
          "designation": "5",
          "companyName": "4",
          "annualIncome": 4,
          "durationOfLoan": "10",
          "loanApplyDate": "2021-10-08T18:30:00.000Z",
          "loanAmount": 23,
          "select": "10",
          "InterestRate": 10,
          "LoanIssueDate": ""
        },
        {
          "loanType": "Housing",
          "expCurrentCompany": 4,
          "totalExp": 432,
          "designation": "wer",
          "companyName": "23sfd",
          "annualIncome": 5,
          "durationOfLoan": "15",
          "loanApplyDate": "2021-10-15T18:30:00.000Z",
          "loanAmount": 234,
          "select": "15",
          "InterestRate": 7,
          "LoanIssueDate": ""
        },
        {
          "loanType": "Personal",
          "expCurrentCompany": 3,
          "totalExp": 2,
          "designation": "d",
          "companyName": "d",
          "annualIncome": 1,
          "durationOfLoan": "10",
          "loanApplyDate": "2021-12-16T18:30:00.000Z",
          "loanAmount": 3,
          "select": "10",
          "InterestRate": 10,
          "LoanIssueDate": ""
        }
      ],
      "id": 2
    }
  ],
  "currentUser": []
}